{
  "binary": {
    "acc": 0.84,
    "f1": 0.8823529411764706,
    "fpr": 0.0,
    "fnr": 0.21052631578947367
  },
  "weighted": {
    "acc": 0.995,
    "f1": 0.9966996699669967,
    "fpr": 0.0,
    "fnr": 0.006578947368421052
  }
}